Authors,Title,Year,Source title,Volume,Issue,Art. No.,Page start,Page end,Page count,DOI,Link,PubMed ID,Document Type,Source
"Théry C., Witwer K.W., Aikawa E., Alcaraz M.J., Anderson J.D., Andriantsitohaina R., Antoniou A., Arab T., Archer F., Atkin-Smith G.K., Ayre D.C., Bach J.-M., Bachurski D., Baharvand H., Balaj L., Baldacchino S., Bauer N.N., Baxter A.A., Bebawy M., Beckham C., Bedina Zavec A., Benmoussa A., Berardi A.C., Bergese P., Bielska E., Blenkiron C., Bobis-Wozowicz S., Boilard E., Boireau W., Bongiovanni A., Borràs F.E., Bosch S., Boulanger C.M., Breakefield X., Breglio A.M., Brennan M.Á., Brigstock D.R., Brisson A., Broekman M.L.D., Bromberg J.F., Bryl-Górecka P., Buch S., Buck A.H., Burger D., Busatto S., Buschmann D., Bussolati B., Buzás E.I., Byrd J.B., Camussi G., Carter D.R.F., Caruso S., Chamley L.W., Chang Y.-T., Chaudhuri A.D., Chen C., Chen S., Cheng L., Chin A.R., Clayton A., Clerici S.P., Cocks A., Cocucci E., Coffey R.J., Cordeiro-da-Silva A., Couch Y., Coumans F.A.W., Coyle B., Crescitelli R., Criado M.F., D’Souza-Schorey C., Das S., de Candia P., De Santana E.F., Jr., De Wever O., del Portillo H.A., Demaret T., Deville S., Devitt A., Dhondt B., Di Vizio D., Dieterich L.C., Dolo V., Dominguez Rubio A.P., Dominici M., Dourado M.R., Driedonks T.A.P., Duarte F.V., Duncan H.M., Eichenberger R.M., Ekström K., EL Andaloussi S., Elie-Caille C., Erdbrügger U., Falcón-Pérez J.M., Fatima F., Fish J.E., Flores-Bellver M., Försönits A., Frelet-Barrand A., Fricke F., Fuhrmann G., Gabrielsson S., Gámez-Valero A., Gardiner C., Gärtner K., Gaudin R., Gho Y.S., Giebel B., Gilbert C., Gimona M., Giusti I., Goberdhan D.C.I., Görgens A., Gorski S.M., Greening D.W., Gross J.C., Gualerzi A., Gupta G.N., Gustafson D., Handberg A., Haraszti R.A., Harrison P., Hegyesi H., Hendrix A., Hill A.F., Hochberg F.H., Hoffmann K.F., Holder B., Holthofer H., Hosseinkhani B., Hu G., Huang Y., Huber V., Hunt S., Ibrahim A.G.-E., Ikezu T., Inal J.M., Isin M., Ivanova A., Jackson H.K., Jacobsen S., Jay S.M., Jayachandran M., Jenster G., Jiang L., Johnson S.M., Jones J.C., Jong A., Jovanovic-Talisman T., Jung S., Kalluri R., Kano S.-I., Kaur S., Kawamura Y., Keller E.T., Khamari D., Khomyakova E., Khvorova A., Kierulf P., Kim K.P., Kislinger T., Klingeborn M., Klinke D.J., II, Kornek M., Kosanović M.M., Kovács Á.F., Krämer-Albers E.-M., Krasemann S., Krause M., Kurochkin I.V., Kusuma G.D., Kuypers S., Laitinen S., Langevin S.M., Languino L.R., Lannigan J., Lässer C., Laurent L.C., Lavieu G., Lázaro-Ibáñez E., Le Lay S., Lee M.-S., Lee Y.X.F., Lemos D.S., Lenassi M., Leszczynska A., Li I.T.S., Liao K., Libregts S.F., Ligeti E., Lim R., Lim S.K., Linē A., Linnemannstöns K., Llorente A., Lombard C.A., Lorenowicz M.J., Lörincz Á.M., Lötvall J., Lovett J., Lowry M.C., Loyer X., Lu Q., Lukomska B., Lunavat T.R., Maas S.L.N., Malhi H., Marcilla A., Mariani J., Mariscal J., Martens-Uzunova E.S., Martin-Jaular L., Martinez M.C., Martins V.R., Mathieu M., Mathivanan S., Maugeri M., McGinnis L.K., McVey M.J., Meckes D.G., Jr, Meehan K.L., Mertens I., Minciacchi V.R., Möller A., Møller Jørgensen M., Morales-Kastresana A., Morhayim J., Mullier F., Muraca M., Musante L., Mussack V., Muth D.C., Myburgh K.H., Najrana T., Nawaz M., Nazarenko I., Nejsum P., Neri C., Neri T., Nieuwland R., Nimrichter L., Nolan J.P., Nolte-’t Hoen E.N.M., Noren Hooten N., O’Driscoll L., O’Grady T., O’Loghlen A., Ochiya T., Olivier M., Ortiz A., Ortiz L.A., Osteikoetxea X., Ostegaard O., Ostrowski M., Park J., Pegtel D.M., Peinado H., Perut F., Pfaffl M.W., Phinney D.G., Pieters B.C.H., Pink R.C., Pisetsky D.S., Pogge von Strandmann E., Polakovicova I., Poon I.K.H., Powell B.H., Prada I., Pulliam L., Quesenberry P., Radeghieri A., Raffai R.L., Raimondo S., Rak J., Ramirez M.I., Raposo G., Rayyan M.S., Regev-Rudzki N., Ricklefs F.L., Robbins P.D., Roberts D.D., Rodrigues S.C., Rohde E., Rome S., Rouschop K.M.A., Rughetti A., Russell A.E., Saá P., Sahoo S., Salas-Huenuleo E., Sánchez C., Saugstad J.A., Saul M.J., Schiffelers R.M., Schneider R., Schøyen T.H., Scott A., Shahaj E., Sharma S., Shatnyeva O., Shekari F., Shelke G.V., Shetty A.K., Shiba K., Siljander P.R.-M., Silva A.M., Skowronek A., Snyder O.L., II, Soares R.P., Sódar B.W., Soekmadji C., Sotillo J., Stahl P.D., Stoorvogel W., Stott S.L., Strasser E.F., Swift S., Tahara H., Tewari M., Timms K., Tiwari S., Tixeira R., Tkach M., Toh W.S., Tomasini R., Torrecilhas A.C., Tosar J.P., Toxavidis V., Urbanelli L., Vader P., van Balkom B.W.M., van der Grein S.G., Van Deun J., van Herwijnen M.J.C., Van Keuren-Jensen K., van Niel G., van Royen M.E., van Wijnen A.J., Vasconcelos M.H., Vechetti I.J., Jr, Veit T.D., Vella L.J., Velot É., Verweij F.J., Vestad B., Viñas J.L., Visnovitz T., Vukman K.V., Wahlgren J., Watson D.C., Wauben M.H.M., Weaver A., Webber J.P., Weber V., Wehman A.M., Weiss D.J., Welsh J.A., Wendt S., Wheelock A.M., Wiener Z., Witte L., Wolfram J., Xagorari A., Xander P., Xu J., Yan X., Yáñez-Mó M., Yin H., Yuana Y., Zappulli V., Zarubova J., Žėkas V., Zhang J.-Y., Zhao Z., Zheng L., Zheutlin A.R., Zickler A.M., Zimmermann P., Zivkovic A.M., Zocco D., Zuba-Surma E.K.",Minimal information for studies of extracellular vesicles 2018 (MISEV2018): a position statement of the International Society for Extracellular Vesicles and update of the MISEV2014 guidelines,2018,Journal of Extracellular Vesicles,7,1,1535750,,,,10.1080/20013078.2018.1535750,https://www.scopus.com/inward/record.uri?eid=2-s2.0-85057143501&doi=10.1080%2f20013078.2018.1535750&partnerID=40&md5=652b8bd22090fb983d92ba0ddd544165,,Article,Scopus
"Hoshino A., Costa-Silva B., Shen T.-L., Rodrigues G., Hashimoto A., Tesic Mark M., Molina H., Kohsaka S., Di Giannatale A., Ceder S., Singh S., Williams C., Soplop N., Uryu K., Pharmer L., King T., Bojmar L., Davies A.E., Ararso Y., Zhang T., Zhang H., Hernandez J., Weiss J.M., Dumont-Cole V.D., Kramer K., Wexler L.H., Narendran A., Schwartz G.K., Healey J.H., Sandstrom P., Jørgen Labori K., Kure E.H., Grandgenett P.M., Hollingsworth M.A., De Sousa M., Kaur S., Jain M., Mallya K., Batra S.K., Jarnagin W.R., Brady M.S., Fodstad O., Muller V., Pantel K., Minn A.J., Bissell M.J., Garcia B.A., Kang Y., Rajasekhar V.K., Ghajar C.M., Matei I., Peinado H., Bromberg J., Lyden D.",Tumour exosome integrins determine organotropic metastasis,2015,Nature,527,7578,"",329,335,,10.1038/nature15756,https://www.scopus.com/inward/record.uri?eid=2-s2.0-84947723880&doi=10.1038%2fnature15756&partnerID=40&md5=9249d4b5dc674b4567fc418f533830c8,26524530,Article,Scopus
"Van Niel G., D'Angelo G., Raposo G.",Shedding light on the cell biology of extracellular vesicles,2018,Nature Reviews Molecular Cell Biology,19,4,"",213,228,,10.1038/nrm.2017.125,https://www.scopus.com/inward/record.uri?eid=2-s2.0-85044144248&doi=10.1038%2fnrm.2017.125&partnerID=40&md5=60cc2a60a188f7cc2fe7d251d7de4b67,29339798,Review,Scopus
"Yáñez-Mó M., Siljander P.R.-M., Andreu Z., Zavec A.B., Borràs F.E., Buzas E.I., Buzas K., Casal E., Cappello F., Carvalho J., Colás E., Cordeiro-Da Silva A., Fais S., Falcon-Perez J.M., Ghobrial I.M., Giebel B., Gimona M., Graner M., Gursel I., Gursel M., Heegaard N.H.H., Hendrix A., Kierulf P., Kokubun K., Kosanovic M., Kralj-Iglic V., Krämer-Albers E.-M., Laitinen S., Lässer C., Lener T., Ligeti E., Line A., Lipps G., Llorente A., Lötvall J., Manček-Keber M., Marcilla A., Mittelbrunn M., Nazarenko I., Nolte-'t Hoen E.N.M., Nyman T.A., O'Driscoll L., Olivan M., Oliveira C., Pállinger E., Del Portillo H.A., Reventós J., Rigau M., Rohde E., Sammar M., Sánchez-Madrid F., Santarém N., Schallmoser K., Ostenfeld M.S., Stoorvogel W., Stukelj R., Van Der Grein S.G., Helena Vasconcelos M., Wauben M.H.M., De Wever O.",Biological properties of extracellular vesicles and their physiological functions,2015,Journal of Extracellular Vesicles,4,2015,"",1,60,,10.3402/jev.v4.27066,https://www.scopus.com/inward/record.uri?eid=2-s2.0-85014619748&doi=10.3402%2fjev.v4.27066&partnerID=40&md5=4484404545311285c111a68688d56430,,Review,Scopus
"Trajkovic K., Hsu C., Chiantia S., Rajendran L., Wenzel D., Wieland F., Schwille P., Brügger B., Simons M.",Ceramide triggers budding of exosome vesicles into multivesicular endosomes,2008,Science,319,5867,"",1244,1247,,10.1126/science.1153124,https://www.scopus.com/inward/record.uri?eid=2-s2.0-40049112564&doi=10.1126%2fscience.1153124&partnerID=40&md5=dada52622c03f09c9e4460c77ef2eac6,18309083,Article,Scopus
"Ostrowski M., Carmo N.B., Krumeich S., Fanget I., Raposo G., Savina A., Moita C.F., Schauer K., Hume A.N., Freitas R.P., Goud B., Benaroch P., Hacohen N., Fukuda M., Desnos C., Seabra M.C., Darchen F., Amigorena S., Moita L.F., Thery C.",Rab27a and Rab27b control different steps of the exosome secretion pathway,2010,Nature Cell Biology,12,1,"",19,30,,10.1038/ncb2000,https://www.scopus.com/inward/record.uri?eid=2-s2.0-79953136097&doi=10.1038%2fncb2000&partnerID=40&md5=4342bc0d8970b98597bed87c529f424a,19966785,Article,Scopus
"Mulcahy L.A., Pink R.C., Carter D.R.F.",Routes and mechanisms of extracellular vesicle uptake,2014,Journal of Extracellular Vesicles,3,1,24641,,,,10.3402/jev.v3.24641,https://www.scopus.com/inward/record.uri?eid=2-s2.0-85013654823&doi=10.3402%2fjev.v3.24641&partnerID=40&md5=166f3c9952a21ea2cca46176b93a848a,,Review,Scopus
"Mittelbrunn M., Gutiérrez-Vázquez C., Villarroya-Beltri C., González S., Sánchez-Cabo F., González M.Á., Bernad A., Sánchez-Madrid F.",Unidirectional transfer of microRNA-loaded exosomes from T cells to antigen-presenting cells,2011,Nature Communications,2,1,282,,,,10.1038/ncomms1285,https://www.scopus.com/inward/record.uri?eid=2-s2.0-79955070767&doi=10.1038%2fncomms1285&partnerID=40&md5=53bc6c18826b34d9fd6f2269883dd13b,21505438,Article,Scopus
"Mathieu M., Martin-Jaular L., Lavieu G., Théry C.",Specificities of secretion and uptake of exosomes and other extracellular vesicles for cell-to-cell communication,2019,Nature Cell Biology,21,1,"",9,17,,10.1038/s41556-018-0250-9,https://www.scopus.com/inward/record.uri?eid=2-s2.0-85059497469&doi=10.1038%2fs41556-018-0250-9&partnerID=40&md5=de8c4642f070a39f00a849f27e49c883,30602770,Review,Scopus
"Kamerkar S., Lebleu V.S., Sugimoto H., Yang S., Ruivo C.F., Melo S.A., Lee J.J., Kalluri R.",Exosomes facilitate therapeutic targeting of oncogenic KRAS in pancreatic cancer,2017,Nature,546,7659,"",498,503,,10.1038/nature22341,https://www.scopus.com/inward/record.uri?eid=2-s2.0-85021081225&doi=10.1038%2fnature22341&partnerID=40&md5=a8c510b33e37b4a3998114e94b8ff942,28607485,Article,Scopus
"Baietti M.F., Zhang Z., Mortier E., Melchior A., Degeest G., Geeraerts A., Ivarsson Y., Depoortere F., Coomans C., Vermeiren E., Zimmermann P., David G.",Syndecan-syntenin-ALIX regulates the biogenesis of exosomes,2012,Nature Cell Biology,14,7,"",677,685,,10.1038/ncb2502,https://www.scopus.com/inward/record.uri?eid=2-s2.0-84863206297&doi=10.1038%2fncb2502&partnerID=40&md5=197a90a1797ea4b73e06e82dd978c166,22660413,Article,Scopus
"Jeppesen D.K., Fenix A.M., Franklin J.L., Higginbotham J.N., Zhang Q., Zimmerman L.J., Liebler D.C., Ping J., Liu Q., Evans R., Fissell W.H., Patton J.G., Rome L.H., Burnette D.T., Coffey R.J.",Reassessment of Exosome Composition,2019,Cell,177,2,"",428,4.45e+20,,10.1016/j.cell.2019.02.029,https://www.scopus.com/inward/record.uri?eid=2-s2.0-85063038079&doi=10.1016%2fj.cell.2019.02.029&partnerID=40&md5=e541ba3e875beaecad32e235a46bb6ac,30951670,Article,Scopus
"Colombo M., Moita C., Van Niel G., Kowal J., Vigneron J., Benaroch P., Manel N., Moita L.F., Théry C., Raposo G.","Analysis of ESCRT functions in exosome biogenesis, composition and secretion highlights the heterogeneity of extracellular vesicles",2013,Journal of Cell Science,126,24,"",5553,5565,,10.1242/jcs.128868,https://www.scopus.com/inward/record.uri?eid=2-s2.0-84890458696&doi=10.1242%2fjcs.128868&partnerID=40&md5=97747dc50eafd505203080ad40449d68,24105262,Article,Scopus
"Morelli A.E., Larregina A.T., Shufesky W.J., Sullivan M.L.G., Stolz D.B., Papworth G.D., Zahorchak A.F., Logar A.J., Wang Z., Watkins S.C., Falo Jr. L.D., Thomson A.W.","Endocytosis, intracellular sorting, and processing of exosomes by dendritic cells",2004,Blood,104,10,"",3257,3266,,10.1182/blood-2004-03-0824,https://www.scopus.com/inward/record.uri?eid=2-s2.0-8644286802&doi=10.1182%2fblood-2004-03-0824&partnerID=40&md5=061932def4996718cb651c1cbdf6b983,15284116,Article,Scopus
"Zhang H., Freitas D., Kim H.S., Fabijanic K., Li Z., Chen H., Mark M.T., Molina H., Martin A.B., Bojmar L., Fang J., Rampersaud S., Hoshino A., Matei I., Kenific C.M., Nakajima M., Mutvei A.P., Sansone P., Buehring W., Wang H., Jimenez J.P., Cohen-Gould L., Paknejad N., Brendel M., Manova-Todorova K., Magalhães A., Ferreira J.A., Osório H., Silva A.M., Massey A., Cubillos-Ruiz J.R., Galletti G., Giannakakou P., Cuervo A.M., Blenis J., Schwartz R., Brady M.S., Peinado H., Bromberg J., Matsui H., Reis C.A., Lyden D.",Identification of distinct nanoparticles and subsets of extracellular vesicles by asymmetric flow field-flow fractionation,2018,Nature Cell Biology,20,3,"",332,343,,10.1038/s41556-018-0040-4,https://www.scopus.com/inward/record.uri?eid=2-s2.0-85042193942&doi=10.1038%2fs41556-018-0040-4&partnerID=40&md5=0864cf4229a07e5bd5c39150355fe177,29459780,Article,Scopus
"Savina A., Furlán M., Vidal M., Colombo M.I.",Exosome release is regulated by a calcium-dependent mechanism in K562 cells,2003,Journal of Biological Chemistry,278,22,"",20083,20090,,10.1074/jbc.M301642200,https://www.scopus.com/inward/record.uri?eid=2-s2.0-0037490207&doi=10.1074%2fjbc.M301642200&partnerID=40&md5=125ced4ca741f3195076074ab6137a9e,12639953,Article,Scopus
"Zomer A., Maynard C., Verweij F.J., Kamermans A., Schäfer R., Beerling E., Schiffelers R.M., De Wit E., Berenguer J., Ellenbroek S.I.J., Wurdinger T., Pegtel D.M., Van Rheenen J.",In vivo imaging reveals extracellular vesicle-mediated phenocopying of metastatic behavior,2015,Cell,161,5,"",1046,1057,,10.1016/j.cell.2015.04.042,https://www.scopus.com/inward/record.uri?eid=2-s2.0-84930225521&doi=10.1016%2fj.cell.2015.04.042&partnerID=40&md5=8be73d6176e58c2d6ac8974fb8f44974,26000481,Article,Scopus
"Van Deun J., Mestdagh P., Agostinis P., Akay Ö., Anand S., Anckaert J., Martinez Z.A., Baetens T., Beghein E., Bertier L., Berx G., Boere J., Boukouris S., Bremer M., Buschmann D., Byrd J.B., Casert C., Cheng L., Cmoch A., Daveloose D., De Smedt E., Demirsoy S., Depoorter V., Dhondt B., Driedonks T.A.P., Dudek A., Elsharawy A., Floris I., Foers A.D., Gärtner K., Garg A.D., Geeurickx E., Gettemans J., Ghazavi F., Giebel B., Kormelink T.G., Hancock G., Helsmoortel H., Hill A.F., Hyenne V., Kalra H., Kim D., Kowal J., Kraemer S., Leidinger P., Leonelli C., Liang Y., Lippens L., Liu S., Lo Cicero A., Martin S., Mathivanan S., Mathiyalagan P., Matusek T., Milani G., Monguió-Tortajada M., Mus L.M., Muth D.C., Németh A., Nolte-'T Hoen E.N.M., O'Driscoll L., Palmulli R., Pfaffl M.W., Primdal-Bengtson B., Romano E., Rousseau Q., Sahoo S., Sampaio N., Samuel M., Scicluna B., Soen B., Steels A., Swinnen J.V., Takatalo M., Thaminy S., Théry C., Tulkens J., Van Audenhove I., Van Der Grein S., Van Goethem A., Van Herwijnen M.J., Van Niel G., Van Roy N., Van Vliet A.R., Vandamme N., Vanhauwaert S., Vergauwen G., Verweij F., Wallaert A., Wauben M., Witwer K.W., Zonneveld M.I., De Wever O., Vandesompele J., Hendrix A.",EV-TRACK: Transparent reporting and centralizing knowledge in extracellular vesicle research,2017,Nature Methods,14,3,"",228,232,,10.1038/nmeth.4185,https://www.scopus.com/inward/record.uri?eid=2-s2.0-85014336174&doi=10.1038%2fnmeth.4185&partnerID=40&md5=29ea3974a8a63abef6e17d5ac3902d14,28245209,Review,Scopus
"Muralidharan-Chari V., Clancy J., Plou C., Romao M., Chavrier P., Raposo G., D'Souza-Schorey C.",ARF6-Regulated Shedding of Tumor Cell-Derived Plasma Membrane Microvesicles,2009,Current Biology,19,22,"",1875,1885,,10.1016/j.cub.2009.09.059,https://www.scopus.com/inward/record.uri?eid=2-s2.0-70450170492&doi=10.1016%2fj.cub.2009.09.059&partnerID=40&md5=7d43850e3eca4e3d00a38887ee265b2d,19896381,Article,Scopus
"van Niel G., Charrin S., Simoes S., Romao M., Rochin L., Saftig P., Marks M., Rubinstein E., Raposo G.",The Tetraspanin CD63 Regulates ESCRT-Independent and -Dependent Endosomal Sorting during Melanogenesis,2011,Developmental Cell,21,4,"",708,721,,10.1016/j.devcel.2011.08.019,https://www.scopus.com/inward/record.uri?eid=2-s2.0-80054730364&doi=10.1016%2fj.devcel.2011.08.019&partnerID=40&md5=9c4c17e60899f63318959b34094ab4b3,21962903,Article,Scopus
"Coumans F.A.W., Brisson A.R., Buzas E.I., Dignat-George F., Drees E.E.E., El-Andaloussi S., Emanueli C., Gasecka A., Hendrix A., Hill A.F., Lacroix R., Lee Y., Van Leeuwen T.G., Mackman N., Mäger I., Nolan J.P., Van Der Pol E., Pegtel D.M., Sahoo S., Siljander P.R.M., Sturk G., De Wever O., Nieuwland R.",Methodological guidelines to study extracellular vesicles,2017,Circulation Research,120,10,"",1632,1648,,10.1161/CIRCRESAHA.117.309417,https://www.scopus.com/inward/record.uri?eid=2-s2.0-85019953265&doi=10.1161%2fCIRCRESAHA.117.309417&partnerID=40&md5=3ab1b973c366eedcc6c72203707e6b7a,28495994,Review,Scopus
"Denzer K., Van Eijk M., Kleijmeer M.J., Jakobson E., De Groot C., Geuze H.J.",Follicular dendritic cells carry MHC class II-expressing microvesicles at their surface,2000,Journal of Immunology,165,3,"",1259,1265,,10.4049/jimmunol.165.3.1259,https://www.scopus.com/inward/record.uri?eid=2-s2.0-0034254524&doi=10.4049%2fjimmunol.165.3.1259&partnerID=40&md5=5c2447c0bce6f00dbcdcd17c9d631b12,10903724,Article,Scopus
"O’Brien K., Breyne K., Ughetto S., Laurent L.C., Breakefield X.O.",RNA delivery by extracellular vesicles in mammalian cells and its applications,2020,Nature Reviews Molecular Cell Biology,21,10,"",585,606,,10.1038/s41580-020-0251-y,https://www.scopus.com/inward/record.uri?eid=2-s2.0-85085380988&doi=10.1038%2fs41580-020-0251-y&partnerID=40&md5=6fd82487729c87c19e5370b65cdbc1b1,32457507,Review,Scopus
"Tian T., Wang Y., Wang H., Zhu Z., Xiao Z.",Visualizing of the cellular uptake and intracellular trafficking of exosomes by live-cell microscopy,2010,Journal of Cellular Biochemistry,111,2,"",488,496,,10.1002/jcb.22733,https://www.scopus.com/inward/record.uri?eid=2-s2.0-77957269172&doi=10.1002%2fjcb.22733&partnerID=40&md5=956940a55793d16f756a9234c35c33a0,20533300,Article,Scopus
"Wiklander O.P.B., Brennan M.Á., Lötvall J., Breakefield X.O., Andaloussi S.E.L.",Advances in therapeutic applications of extracellular vesicles,2019,Science Translational Medicine,11,492,eaav8521,,,,10.1126/scitranslmed.aav8521,https://www.scopus.com/inward/record.uri?eid=2-s2.0-85066397141&doi=10.1126%2fscitranslmed.aav8521&partnerID=40&md5=64a0fa829391867e2164441d1196fb90,31092696,Review,Scopus
"Tang K., Zhang Y., Zhang H., Xu P., Liu J., Ma J., Lv M., Li D., Katirai F., Shen G.-X., Zhang G., Feng Z.-H., Ye D., Huang B.",Delivery of chemotherapeutic drugs in tumour cell-derived microparticles,2012,Nature Communications,3,"",1282,,,,10.1038/ncomms2282,https://www.scopus.com/inward/record.uri?eid=2-s2.0-84871780796&doi=10.1038%2fncomms2282&partnerID=40&md5=df71c9fbbefff3c286bb7fc8efae8fa7,23250412,Article,Scopus
"Lehmann B.D., Paine M.S., Brooks A.M., McCubrey J.A., Renegar R.H., Wang R., Terrian D.M.",Senescence-associated exosome release from human prostate cancer cells,2008,Cancer Research,68,19,"",7864,7871,,10.1158/0008-5472.CAN-07-6538,https://www.scopus.com/inward/record.uri?eid=2-s2.0-54249125009&doi=10.1158%2f0008-5472.CAN-07-6538&partnerID=40&md5=15edb43c115b1155f8a6be740780585e,18829542,Article,Scopus
"Mendt M., Kamerkar S., Sugimoto H., McAndrews K.M., Wu C.-C., Gagea M., Yang S., Blanko E.V.R., Peng Q., Ma X., Marszalek J.R., Maitra A., Yee C., Rezvani K., Shpall E., LeBleu V.S., Kalluri R.",Generation and testing of clinical-grade exosomes for pancreatic cancer,2018,JCI insight,3,8,"",,,,10.1172/jci.insight.99263,https://www.scopus.com/inward/record.uri?eid=2-s2.0-85049797181&doi=10.1172%2fjci.insight.99263&partnerID=40&md5=0bba492e13103e4abcd1314a8bfda949,29669940,Article,Scopus
"Buschow S.I., Nolte-'t Hoen E.N.M., van Niel G., Pols M.S., ten Broeke T., Lauwen M., Ossendorp F., Melief C.J.M., Raposo G., Wubbolts R., Wauben M.H.M., Stoorvogel W.",MHC II In dendritic cells is targeted to lysosomes or t cell-induced exosomes via distinct multivesicular body pathways,2009,Traffic,10,10,"",1528,1542,,10.1111/j.1600-0854.2009.00963.x,https://www.scopus.com/inward/record.uri?eid=2-s2.0-69249223795&doi=10.1111%2fj.1600-0854.2009.00963.x&partnerID=40&md5=2d785237b8efd245d12f6de5854608d4,19682328,Article,Scopus
"Choudhuri K., Llodrá J., Roth E.W., Tsai J., Gordo S., Wucherpfennig K.W., Kam L.C., Stokes D.L., Dustin M.L.",Polarized release of T-cell-receptor-enriched microvesicles at the immunological synapse,2014,Nature,507,7490,"",118,123,,10.1038/nature12951,https://www.scopus.com/inward/record.uri?eid=2-s2.0-84895891752&doi=10.1038%2fnature12951&partnerID=40&md5=19e1957ef3b35d13e8a8f31c5ec1def9,24487619,Article,Scopus
"Tricarico C., Clancy J., D'Souza-Schorey C.",Biology and biogenesis of shed microvesicles,2017,Small GTPases,8,4,"",220,232,,10.1080/21541248.2016.1215283,https://www.scopus.com/inward/record.uri?eid=2-s2.0-85033239067&doi=10.1080%2f21541248.2016.1215283&partnerID=40&md5=95db458929f86d8165944b707f6d7dfa,27494381,Review,Scopus
"Ramirez M.I., Amorim M.G., Gadelha C., Milic I., Welsh J.A., Freitas V.M., Nawaz M., Akbar N., Couch Y., Makin L., Cooke F., Vettore A.L., Batista P.X., Freezor R., Pezuk J.A., Rosa-Fernandes L., Carreira A.C.O., Devitt A., Jacobs L., Silva I.T., Coakley G., Nunes D.N., Carter D., Palmisano G., Dias-Neto E.",Technical challenges of working with extracellular vesicles,2018,Nanoscale,10,3,"",881,906,,10.1039/c7nr08360b,https://www.scopus.com/inward/record.uri?eid=2-s2.0-85040917403&doi=10.1039%2fc7nr08360b&partnerID=40&md5=2118753aa161d70f51f6870195cba930,29265147,Review,Scopus
"Möbius W., Ohno-Iwashita Y., Van Donselaar E.G., Oorschot V.M.J., Shimada Y., Fujimoto T., Heijnen H.F.G., Geuze H.J., Slot J.W.",Immunoelectron microscopic localization of cholesterol using biotinylated and non-cytolytic perfringolysin O,2002,Journal of Histochemistry and Cytochemistry,50,1,"",43,55,,10.1177/002215540205000105,https://www.scopus.com/inward/record.uri?eid=2-s2.0-0036144685&doi=10.1177%2f002215540205000105&partnerID=40&md5=13b4f73cff776523d0b4759b7cee7c0b,11748293,Article,Scopus
"Pastuzyn E.D., Day C.E., Kearns R.B., Kyrke-Smith M., Taibi A.V., McCormick J., Yoder N., Belnap D.M., Erlendsson S., Morado D.R., Briggs J.A.G., Feschotte C., Shepherd J.D.",The Neuronal Gene Arc Encodes a Repurposed Retrotransposon Gag Protein that Mediates Intercellular RNA Transfer,2018,Cell,172,2-Jan,"",275,2.88e+20,,10.1016/j.cell.2017.12.024,https://www.scopus.com/inward/record.uri?eid=2-s2.0-85041139485&doi=10.1016%2fj.cell.2017.12.024&partnerID=40&md5=249e2bc258b1ce69f3496b238b5f84ac,29328916,Article,Scopus
"Witwer K.W., Théry C.","Extracellular vesicles or exosomes? On primacy, precision, and popularity influencing a choice of nomenclature",2019,Journal of Extracellular Vesicles,8,1,1648167,,,,10.1080/20013078.2019.1648167,https://www.scopus.com/inward/record.uri?eid=2-s2.0-85073037707&doi=10.1080%2f20013078.2019.1648167&partnerID=40&md5=c09ae182e80cb8a4c082de3bd2a29cf7,,Editorial,Scopus
"Ashley J., Cordy B., Lucia D., Fradkin L.G., Budnik V., Thomson T.",Retrovirus-like Gag Protein Arc1 Binds RNA and Traffics across Synaptic Boutons,2018,Cell,172,2-Jan,"",262,2.74e+13,,10.1016/j.cell.2017.12.022,https://www.scopus.com/inward/record.uri?eid=2-s2.0-85041095001&doi=10.1016%2fj.cell.2017.12.022&partnerID=40&md5=bad9f21057aacc8c1e22e1c4eac26e6e,29328915,Article,Scopus
"Tian Y., Ma L., Gong M., Su G., Zhu S., Zhang W., Wang S., Li Z., Chen C., Li L., Wu L., Yan X.",Protein Profiling and Sizing of Extracellular Vesicles from Colorectal Cancer Patients via Flow Cytometry,2018,ACS Nano,12,1,"",671,680,,10.1021/acsnano.7b07782,https://www.scopus.com/inward/record.uri?eid=2-s2.0-85042188650&doi=10.1021%2facsnano.7b07782&partnerID=40&md5=918490bacd959be5c4bdb6a277365e41,29300458,Article,Scopus
"Pucci F., Garris C., Lai C.P., Newton A., Pfirschke C., Engblom C., Alvarez D., Sprachman M., Evavold C., Magnuson A., Von Andrian U.H., Glatz K., Breakefield X.O., Mempel T.R., Weissleder R., Pittet M.J.",SCS macrophages suppress melanoma by restricting tumor-derived vesicle-B cell interactions,2016,Science,352,6282,"",242,246,,10.1126/science.aaf1328,https://www.scopus.com/inward/record.uri?eid=2-s2.0-84961390149&doi=10.1126%2fscience.aaf1328&partnerID=40&md5=f5228081058c9011d9f4684cc58f3536,26989197,Article,Scopus
"Tkach M., Kowal J., Théry C.",Why the need and how to approach the functional diversity of extracellular vesicles,2018,Philosophical Transactions of the Royal Society B: Biological Sciences,373,1737,20160479,,,,10.1098/rstb.2016.0479,https://www.scopus.com/inward/record.uri?eid=2-s2.0-85036581565&doi=10.1098%2frstb.2016.0479&partnerID=40&md5=88df79724498b970995eb707bc935d08,29158309,Article,Scopus
"Mu W., Rana S., Zöller M.",Host matrix modulation by tumor exosomes promotes motility and invasiveness,2013,Neoplasia (United States),15,8,"",875,887,,10.1593/neo.13786,https://www.scopus.com/inward/record.uri?eid=2-s2.0-84881045445&doi=10.1593%2fneo.13786&partnerID=40&md5=d039909d61e79cc87f724271d2e15190,23908589,Article,Scopus
"Murrow L., Malhotra R., Debnath J.",ATG12-ATG3 interacts with Alix to promote basal autophagic flux and late endosome function,2015,Nature Cell Biology,17,3,"",300,310,,10.1038/ncb3112,https://www.scopus.com/inward/record.uri?eid=2-s2.0-84923852038&doi=10.1038%2fncb3112&partnerID=40&md5=473af0dc3cf904c149a0228daf75c204,25686249,Article,Scopus
"Melentijevic I., Toth M.L., Arnold M.L., Guasp R.J., Harinath G., Nguyen K.C., Taub D., Parker J.A., Neri C., Gabel C.V., Hall D.H., Driscoll M.",C. elegans neurons jettison protein aggregates and mitochondria under neurotoxic stress,2017,Nature,542,7641,"",367,371,,10.1038/nature21362,https://www.scopus.com/inward/record.uri?eid=2-s2.0-85015323246&doi=10.1038%2fnature21362&partnerID=40&md5=20b4e0505e07b171191263fbcb15baf2,28178240,Article,Scopus
"Ridder K., Sevko A., Heide J., Dams M., Rupp A.-K., Macas J., Starmann J., Tjwa M., Plate K.H., Sï¿½ltmann H., Altevogt P., Umansky V., Momma S.",Extracellular vesicle-mediated transfer of functional RNA in the tumor microenvironment,2015,OncoImmunology,4,6,"",,,8,10.1080/2162402X.2015.1008371,https://www.scopus.com/inward/record.uri?eid=2-s2.0-84944463735&doi=10.1080%2f2162402X.2015.1008371&partnerID=40&md5=bda825792b4ef2cef9d468bf54a46d8a,,Article,Scopus
"Lee G.M., Johnstone B., Jacobson K., Caterson B.",The dynamic structure of the pericellular matrix on living cells,1993,Journal of Cell Biology,123,6 II,"",1899,1907,,10.1083/jcb.123.6.1899,https://www.scopus.com/inward/record.uri?eid=2-s2.0-0027722083&doi=10.1083%2fjcb.123.6.1899&partnerID=40&md5=b5d063264d9eadc605d828d1c9dcb578,8276905,Article,Scopus
"Zhang Q., Higginbotham J.N., Jeppesen D.K., Yang Y.-P., Li W., McKinley E.T., Graves-Deal R., Ping J., Britain C.M., Dorsett K.A., Hartman C.L., Ford D.A., Allen R.M., Vickers K.C., Liu Q., Franklin J.L., Bellis S.L., Coffey R.J.",Transfer of Functional Cargo in Exomeres,2019,Cell Reports,27,3,"",940,9.54e+08,,10.1016/j.celrep.2019.01.009,https://www.scopus.com/inward/record.uri?eid=2-s2.0-85063277116&doi=10.1016%2fj.celrep.2019.01.009&partnerID=40&md5=1c51933bffb347274f864b20508a7f97,30956133,Article,Scopus
"Chuo S.T.-Y., Chien J.C.-Y., Lai C.P.-K.",Imaging extracellular vesicles: Current and emerging methods,2018,Journal of Biomedical Science,25,1,91,,,,10.1186/s12929-018-0494-5,https://www.scopus.com/inward/record.uri?eid=2-s2.0-85058925027&doi=10.1186%2fs12929-018-0494-5&partnerID=40&md5=21e1333df8161f77ba043ac659dfb478,30580764,Review,Scopus
"Wehman A.M., Poggioli C., Schweinsberg P., Grant B.D., Nance J.",The P4-ATPase TAT-5 inhibits the budding of extracellular vesicles in C. elegans embryos,2011,Current Biology,21,23,"",1951,1959,,10.1016/j.cub.2011.10.040,https://www.scopus.com/inward/record.uri?eid=2-s2.0-82955227444&doi=10.1016%2fj.cub.2011.10.040&partnerID=40&md5=ea6964ba14988e4923e1679ab758b57a,22100064,Article,Scopus
"Leidal A.M., Huang H.H., Marsh T., Solvik T., Zhang D., Ye J., Kai F.B., Goldsmith J., Liu J.Y., Huang Y.-H., Monkkonen T., Vlahakis A., Huang E.J., Goodarzi H., Yu L., Wiita A.P., Debnath J.",The LC3-conjugation machinery specifies the loading of RNA-binding proteins into extracellular vesicles,2020,Nature Cell Biology,22,2,"",187,199,,10.1038/s41556-019-0450-y,https://www.scopus.com/inward/record.uri?eid=2-s2.0-85078064136&doi=10.1038%2fs41556-019-0450-y&partnerID=40&md5=202de985864572baa32e8278f5fe1885,31932738,Article,Scopus
"Buzás E.I., Tóth E.Á., Sódar B.W., Szabó-Taylor K.É.",Molecular interactions at the surface of extracellular vesicles,2018,Seminars in Immunopathology,40,5,"",453,464,,10.1007/s00281-018-0682-0,https://www.scopus.com/inward/record.uri?eid=2-s2.0-85045457189&doi=10.1007%2fs00281-018-0682-0&partnerID=40&md5=e108a88d2c63f2a2a04ef54b8ba50b9f,29663027,Review,Scopus
"Verweij F.J., Revenu C., Arras G., Dingli F., Loew D., Pegtel D.M., Follain G., Allio G., Goetz J.G., Zimmermann P., Herbomel P., Del Bene F., Raposo G., van Niel G.",Live Tracking of Inter-organ Communication by Endogenous Exosomes In Vivo,2019,Developmental Cell,48,4,"",573,5890000,,10.1016/j.devcel.2019.01.004,https://www.scopus.com/inward/record.uri?eid=2-s2.0-85061666555&doi=10.1016%2fj.devcel.2019.01.004&partnerID=40&md5=8ddb50fa095c75249ed2b49b8c8d6516,30745143,Article,Scopus
"Daaboul G.G., Gagni P., Benussi L., Bettotti P., Ciani M., Cretich M., Freedman D.S., Ghidoni R., Ozkumur A.Y., Piotto C., Prosperi D., Santini B., Ünlü M.S., Chiari M.",Digital Detection of Exosomes by Interferometric Imaging,2016,Scientific Reports,6,"",37246,,,,10.1038/srep37246,https://www.scopus.com/inward/record.uri?eid=2-s2.0-84995595661&doi=10.1038%2fsrep37246&partnerID=40&md5=2fdefe321839a61b81c891a5ba969fca,27853258,Article,Scopus
"Hessvik N.P., Øverbye A., Brech A., Torgersen M.L., Jakobsen I.S., Sandvig K., Llorente A.",PIKfyve inhibition increases exosome release and induces secretory autophagy,2016,Cellular and Molecular Life Sciences,73,24,"",4717,4737,,10.1007/s00018-016-2309-8,https://www.scopus.com/inward/record.uri?eid=2-s2.0-84979243223&doi=10.1007%2fs00018-016-2309-8&partnerID=40&md5=5a7eb341aa98c87d7358e81edd4a0382,27438886,Article,Scopus
"Ma L., Li Y., Peng J., Wu D., Zhao X., Cui Y., Chen L., Yan X., Du Y., Yu L.","Discovery of the migrasome, an organelle mediating release of cytoplasmic contents during cell migration",2015,Cell Research,25,1,"",24,38,,10.1038/cr.2014.135,https://www.scopus.com/inward/record.uri?eid=2-s2.0-84920167794&doi=10.1038%2fcr.2014.135&partnerID=40&md5=10a544fe2930fc5b2f6783c090bead15,25342562,Article,Scopus
"Verweij F.J., Bebelman M.P., Jimenez C.R., Garcia-Vallejo J.J., Janssen H., Neefjes J., Knol J.C., de Goeij-de Haas R., Piersma S.R., Baglio S.R., Verhage M., Middeldorp J.M., Zomer A., van Rheenen J., Coppolino M.G., Hurbain I., Raposo G., Smit M.J., Toonen R.F.G., van Niel G., Pegtel D.M.",Quantifying exosome secretion from single cells reveals a modulatory role for GPCR signaling,2018,Journal of Cell Biology,217,3,"",1129,1142,,10.1083/jcb.201703206,https://www.scopus.com/inward/record.uri?eid=2-s2.0-85042869727&doi=10.1083%2fjcb.201703206&partnerID=40&md5=807dbb79f5221130dd84a5f320347abc,29339438,Article,Scopus
"Saint-Pol J., Gosselet F., Duban-Deweer S., Pottiez G., Karamanos Y.",Targeting and Crossing the Blood-Brain Barrier with Extracellular Vesicles,2020,Cells,9,4,"",,,,10.3390/cells9040851,https://www.scopus.com/inward/record.uri?eid=2-s2.0-85089713978&doi=10.3390%2fcells9040851&partnerID=40&md5=02a182cdaa4630f2a7116c26358a8fbb,32244730,Review,Scopus
"Görgens A., Bremer M., Ferrer-Tur R., Murke F., Tertel T., Horn P.A., Thalmann S., Welsh J.A., Probst C., Guerin C., Boulanger C.M., Jones J.C., Hanenberg H., Erdbrügger U., Lannigan J., Ricklefs F.L., El-Andaloussi S., Giebel B.",Optimisation of imaging flow cytometry for the analysis of single extracellular vesicles by using fluorescence-tagged vesicles as biological reference material,2019,Journal of Extracellular Vesicles,8,1,1587567,,,,10.1080/20013078.2019.1587567,https://www.scopus.com/inward/record.uri?eid=2-s2.0-85063186392&doi=10.1080%2f20013078.2019.1587567&partnerID=40&md5=e4b770c6f069b6dd29a467c9e1ec60f2,,Article,Scopus
"Morishita M., Takahashi Y., Nishikawa M., Takakura Y.",Pharmacokinetics of Exosomes—An Important Factor for Elucidating the Biological Roles of Exosomes and for the Development of Exosome-Based Therapeutics,2017,Journal of Pharmaceutical Sciences,106,9,"",2265,2269,,10.1016/j.xphs.2017.02.030,https://www.scopus.com/inward/record.uri?eid=2-s2.0-85017473060&doi=10.1016%2fj.xphs.2017.02.030&partnerID=40&md5=af05a2a73d5f6e5961749c1385e09f8f,28283433,Short Survey,Scopus
"Nicolás-Ávila J.A., Lechuga-Vieco A.V., Esteban-Martínez L., Sánchez-Díaz M., Díaz-García E., Santiago D.J., Rubio-Ponce A., Li J.L., Balachander A., Quintana J.A., Martínez-de-Mena R., Castejón-Vega B., Pun-García A., Través P.G., Bonzón-Kulichenko E., García-Marqués F., Cussó L., A-González N., González-Guerra A., Roche-Molina M., Martin-Salamanca S., Crainiciuc G., Guzmán G., Larrazabal J., Herrero-Galán E., Alegre-Cebollada J., Lemke G., Rothlin C.V., Jimenez-Borreguero L.J., Reyes G., Castrillo A., Desco M., Muñoz-Cánoves P., Ibáñez B., Torres M., Ng L.G., Priori S.G., Bueno H., Vázquez J., Cordero M.D., Bernal J.A., Enríquez J.A., Hidalgo A.",A Network of Macrophages Supports Mitochondrial Homeostasis in the Heart,2020,Cell,183,1,"",94,1.09e+25,,10.1016/j.cell.2020.08.031,https://www.scopus.com/inward/record.uri?eid=2-s2.0-85091687279&doi=10.1016%2fj.cell.2020.08.031&partnerID=40&md5=937a5cef6e8ba9896ef9b01dd2aee72d,32937105,Article,Scopus
"Khvorova A., Kwak Y.-G., Tamkun M., Majerfeld I., Yarus M.",RNAs that bind and change the permeability of phospholipid membranes,1999,Proceedings of the National Academy of Sciences of the United States of America,96,19,"",10649,10654,,10.1073/pnas.96.19.10649,https://www.scopus.com/inward/record.uri?eid=2-s2.0-0032844970&doi=10.1073%2fpnas.96.19.10649&partnerID=40&md5=d223d3763508cd49a74e1121b1df248c,10485880,Article,Scopus
"Joshi B.S., de Beer M.A., Giepmans B.N.G., Zuhorn I.S.",Endocytosis of Extracellular Vesicles and Release of Their Cargo from Endosomes,2020,ACS nano,14,4,"",4444,4455,,10.1021/acsnano.9b10033,https://www.scopus.com/inward/record.uri?eid=2-s2.0-85084167914&doi=10.1021%2facsnano.9b10033&partnerID=40&md5=dbed40c5b5047cca1f32afb8bc277287,32282185,Article,Scopus
"Russell A.E., Sneider A., Witwer K.W., Bergese P., Bhattacharyya S.N., Cocks A., Cocucci E., Erdbrügger U., Falcon-Perez J.M., Freeman D.W., Gallagher T.M., Hu S., Huang Y., Jay S.M., Kano S.-I., Lavieu G., Leszczynska A., Llorente A.M., Lu Q., Mahairaki V., Muth D.C., Noren Hooten N., Ostrowski M., Prada I., Sahoo S., Schøyen T.H., Sheng L., Tesch D., Van Niel G., Vandenbroucke R.E., Verweij F.J., Villar A.V., Wauben M., Wehman A.M., Yin H., Carter D.R.F., Vader P.","Biological membranes in EV biogenesis, stability, uptake, and cargo transfer: an ISEV position paper arising from the ISEV membranes and EVs workshop",2019,Journal of Extracellular Vesicles,8,1,1684862,,,,10.1080/20013078.2019.1684862,https://www.scopus.com/inward/record.uri?eid=2-s2.0-85074997290&doi=10.1080%2f20013078.2019.1684862&partnerID=40&md5=72b5775c6611fb6fc83fe20a31546629,,Conference Paper,Scopus
"Edgar J.R., Manna P.T., Nishimura S., Banting G., Robinson M.S.",Tetherin is an exosomal tether,2016,eLife,5,September,e17180,,,,10.7554/eLife.17180,https://www.scopus.com/inward/record.uri?eid=2-s2.0-84988667310&doi=10.7554%2feLife.17180&partnerID=40&md5=1c4da44d1eb01a2010f1dc6c5fd38e74,,Article,Scopus
"Nawaz M., Shah N., Zanetti B.R., Maugeri M., Silvestre R.N., Fatima F., Neder L., Valadi H.","Review extracellular vesicles and matrix remodeling enzymes: The emerging roles in extracellular matrix remodeling, progression of diseases and tissue repair",2018,Cells,7,10,167,,,,10.3390/cells7100167,https://www.scopus.com/inward/record.uri?eid=2-s2.0-85058280453&doi=10.3390%2fcells7100167&partnerID=40&md5=23cd07385da5e400cd172ef53613e4c5,,Article,Scopus
"Sedgwick A.E., Clancy J.W., Olivia Balmert M., D'Souza-Schorey C.",Extracellular microvesicles and invadopodia mediate non-overlapping modes of tumor cell invasion,2015,Scientific Reports,5,"",14748,,,,10.1038/srep14748,https://www.scopus.com/inward/record.uri?eid=2-s2.0-84944338906&doi=10.1038%2fsrep14748&partnerID=40&md5=4a2994201c31be3dd098d61e1242e664,26458510,Article,Scopus
"Hyenne V., Ghoroghi S., Collot M., Bons J., Follain G., Harlepp S., Mary B., Bauer J., Mercier L., Busnelli I., Lefebvre O., Fekonja N., Garcia-Leon M.J., Machado P., Delalande F., López A.A., Silva S.G., Verweij F.J., van Niel G., Djouad F., Peinado H., Carapito C., Klymchenko A.S., Goetz J.G.",Studying the Fate of Tumor Extracellular Vesicles at High Spatiotemporal Resolution Using the Zebrafish Embryo,2019,Developmental Cell,48,4,"",554,5.72e+09,,10.1016/j.devcel.2019.01.014,https://www.scopus.com/inward/record.uri?eid=2-s2.0-85061640810&doi=10.1016%2fj.devcel.2019.01.014&partnerID=40&md5=eec79965b8a1f0a9209717b736033d0f,30745140,Article,Scopus
"Wu D., Yan J., Shen X., Sun Y., Thulin M., Cai Y., Wik L., Shen Q., Oelrich J., Qian X., Dubois K.L., Ronquist K.G., Nilsson M., Landegren U., Kamali-Moghaddam M.",Profiling surface proteins on individual exosomes using a proximity barcoding assay,2019,Nature Communications,10,1,3854,,,,10.1038/s41467-019-11486-1,https://www.scopus.com/inward/record.uri?eid=2-s2.0-85071163192&doi=10.1038%2fs41467-019-11486-1&partnerID=40&md5=0cf391dcfac12a60be01728a5742edfb,31451692,Article,Scopus
"Royo F., Théry C., Falcón-Pérez J.M., Nieuwland R., Witwer K.W.",Methods for Separation and Characterization of Extracellular Vesicles: Results of a Worldwide Survey Performed by the ISEV Rigor and Standardization Subcommittee,2020,Cells,9,9,"",,,,10.3390/cells9091955,https://www.scopus.com/inward/record.uri?eid=2-s2.0-85090013821&doi=10.3390%2fcells9091955&partnerID=40&md5=a549fc5964c3cdb2f87f7c6dc2a1e920,32854228,Article,Scopus
"Groot M., Lee H.",Sorting Mechanisms for MicroRNAs into Extracellular Vesicles and Their Associated Diseases,2020,Cells,9,4,"",,,,10.3390/cells9041044,https://www.scopus.com/inward/record.uri?eid=2-s2.0-85084030898&doi=10.3390%2fcells9041044&partnerID=40&md5=4728d64224955618ce17fd7a0a2f85d6,32331346,Review,Scopus
"Rilla K., Mustonen A.-M., Arasu U.T., Härkönen K., Matilainen J., Nieminen P.",Extracellular vesicles are integral and functional components of the extracellular matrix,2019,Matrix Biology,75-76,"","",201,219,,10.1016/j.matbio.2017.10.003,https://www.scopus.com/inward/record.uri?eid=2-s2.0-85032387075&doi=10.1016%2fj.matbio.2017.10.003&partnerID=40&md5=c7603e205fddaefa591992911081391f,29066152,Review,Scopus
"Guo M., Wu F., Hu G., Chen L., Xu J., Xu P., Wang X., Li Y., Liu S., Zhang S., Huang Q., Fan J., Lv Z., Zhou M., Duan L., Liao T., Yang G., Tang K., Liu B., Liao X., Tao X., Jin Y.",Autologous tumor cell–derived microparticle-based targeted chemotherapy in lung cancer patients with malignant pleural effusion,2019,Science Translational Medicine,11,474,eaat5690,,,,10.1126/scitranslmed.aat5690,https://www.scopus.com/inward/record.uri?eid=2-s2.0-85059797156&doi=10.1126%2fscitranslmed.aat5690&partnerID=40&md5=31c57a77ed286b4985581e7c78fea441,30626714,Article,Scopus
"Yao Z., Qiao Y., Li X., Chen J., Ding J., Bai L., Shen F., Shi B., Liu J., Peng L., Li J., Yuan Z.",Exosomes exploit the virus entry machinery and pathway to transmit alpha interferon-induced antiviral activity,2018,Journal of Virology,92,24,e0157818,,,,10.1128/JVI.01578-18,https://www.scopus.com/inward/record.uri?eid=2-s2.0-85057861305&doi=10.1128%2fJVI.01578-18&partnerID=40&md5=b92135a1150d89e760dc8dd9aa2d325e,30282711,Article,Scopus
"Sung B.H., von Lersner A., Guerrero J., Krystofiak E.S., Inman D., Pelletier R., Zijlstra A., Ponik S.M., Weaver A.M.",A live cell reporter of exosome secretion and uptake reveals pathfinding behavior of migrating cells,2020,Nature Communications,11,1,2092,,,,10.1038/s41467-020-15747-2,https://www.scopus.com/inward/record.uri?eid=2-s2.0-85083977871&doi=10.1038%2fs41467-020-15747-2&partnerID=40&md5=9106eeffd08cfd82b6eb549c3e62c954,32350252,Article,Scopus
"Mittelbrunn M., Vicente-Manzanares M., Sánchez-Madrid F.",Organizing polarized delivery of exosomes at synapses,2015,Traffic,16,4,"",327,337,,10.1111/tra.12258,https://www.scopus.com/inward/record.uri?eid=2-s2.0-84926072728&doi=10.1111%2ftra.12258&partnerID=40&md5=b64530529fdbaea3c927355d80c6ef17,25614958,Review,Scopus
"Reshke R., Taylor J.A., Savard A., Guo H., Rhym L.H., Kowalski P.S., Trung M.T., Campbell C., Little W., Anderson D.G., Gibbings D.",Reduction of the therapeutic dose of silencing RNA by packaging it in extracellular vesicles via a pre-microRNA backbone,2020,Nature Biomedical Engineering,4,1,"",52,68,,10.1038/s41551-019-0502-4,https://www.scopus.com/inward/record.uri?eid=2-s2.0-85077851965&doi=10.1038%2fs41551-019-0502-4&partnerID=40&md5=e63630faaed9c48ca4f50cf5a6efdf52,31937944,Article,Scopus
"Berenguer J., Lagerweij T., Zhao X.W., Dusoswa S., van der Stoop P., Westerman B., Gooijer M.C.D., Zoetemelk M., Zomer A., Crommentuijn M.H.W., Wedekind L.E., López-López À., Giovanazzi A., Bruch-Oms M., Meulen-Muileman I.H.V.D., Reijmers R.M., van Kuppevelt T.H., García-Vallejo J.-J., van Kooyk Y., Tannous B.A., Wesseling P., Koppers-Lalic D., Vandertop W.P., Noske D.P., van Beusechem V.W., van Rheenen J., Pegtel D.M., Tellingen O.V., Wurdinger T.",Glycosylated extracellular vesicles released by glioblastoma cells are decorated by CCL18 allowing for cellular uptake via chemokine receptor CCR8,2018,Journal of Extracellular Vesicles,7,1,1446660,,,,10.1080/20013078.2018.1446660,https://www.scopus.com/inward/record.uri?eid=2-s2.0-85044069544&doi=10.1080%2f20013078.2018.1446660&partnerID=40&md5=984f968748ad759730a92ee0527f35e2,,Article,Scopus
"Delevoye C., Marks M.S., Raposo G.",Lysosome-related organelles as functional adaptations of the endolysosomal system,2019,Current Opinion in Cell Biology,59,"","",147,158,,10.1016/j.ceb.2019.05.003,https://www.scopus.com/inward/record.uri?eid=2-s2.0-85067544908&doi=10.1016%2fj.ceb.2019.05.003&partnerID=40&md5=ca42c5fb2a9c07862d6e7f975a8c2cf4,31234051,Review,Scopus
"Palmulli R., Van Niel G.","To be or not to be... secreted as exosomes, a balance finely tuned by the mechanisms of biogenesis",2018,Essays in Biochemistry,62,2,"",177,191,,10.1042/EBC20170076,https://www.scopus.com/inward/record.uri?eid=2-s2.0-85047543190&doi=10.1042%2fEBC20170076&partnerID=40&md5=fa708f331f5f28a98ce46e99c3b2bc26,29717057,Review,Scopus
"Mathieu M., Névo N., Jouve M., Valenzuela J.I., Maurin M., Verweij F.J., Palmulli R., Lankar D., Dingli F., Loew D., Rubinstein E., Boncompain G., Perez F., Théry C.",Specificities of exosome versus small ectosome secretion revealed by live intracellular tracking of CD63 and CD9,2021,Nature Communications,12,1,4389,,,,10.1038/s41467-021-24384-2,https://www.scopus.com/inward/record.uri?eid=2-s2.0-85110810844&doi=10.1038%2fs41467-021-24384-2&partnerID=40&md5=2968fc074606e3afb22520a2c20a8a8c,34282141,Article,Scopus
"Lin Y., Zhang C., Xiang P., Shen J., Sun W., Yu H.",Exosomes derived from HeLa cells break down vascular integrity by triggering endoplasmic reticulum stress in endothelial cells,2020,Journal of Extracellular Vesicles,9,1,1722385,,,,10.1080/20013078.2020.1722385,https://www.scopus.com/inward/record.uri?eid=2-s2.0-85079151057&doi=10.1080%2f20013078.2020.1722385&partnerID=40&md5=6d700e6f1b3ff61fd5ab89c8dbec7cf7,,Article,Scopus
"Ghoroghi S., Mary B., Larnicol A., Asokan N., Klein A., Osmani N., Busnelli I., Delalande F., Paul N., Halary S., Gros F., Fouillen L., Haeberle A.-M., Royer C., Spiegelhalter C., André-Grégoire G., Mittelheisser V., Detappe A., Murphy K., Timpson P., Carapito R., Blot-Chabaud M., Gavard J., Carapito C., Vitale N., Lefebvre O., Goetz J.G., Hyenne V.",Ral GTPases promote breast cancer metastasis by controlling biogenesis and organ targeting of exosomes,2021,eLife,10,"",e61539,1,29,,10.7554/eLife.61539,https://www.scopus.com/inward/record.uri?eid=2-s2.0-85100309801&doi=10.7554%2feLife.61539&partnerID=40&md5=031d79c029174e358a65770102ba087f,33404012,Article,Scopus
"Emam S.E., Abu Lila A.S., Elsadek N.E., Ando H., Shimizu T., Okuhira K., Ishima Y., Mahdy M.A., Ghazy F.-E.S., Ishida T.",Cancer cell-type tropism is one of crucial determinants for the efficient systemic delivery of cancer cell-derived exosomes to tumor tissues,2019,European Journal of Pharmaceutics and Biopharmaceutics,145,"","",27,34,,10.1016/j.ejpb.2019.10.005,https://www.scopus.com/inward/record.uri?eid=2-s2.0-85073758566&doi=10.1016%2fj.ejpb.2019.10.005&partnerID=40&md5=65ce5cef66d799a781d29b3dc9f23687,31629787,Article,Scopus
"Bonsergent E., Lavieu G.",Content release of extracellular vesicles in a cell-free extract,2019,FEBS Letters,593,15,"",1983,1992,,10.1002/1873-3468.13472,https://www.scopus.com/inward/record.uri?eid=2-s2.0-85067450469&doi=10.1002%2f1873-3468.13472&partnerID=40&md5=52b563629f904874e71752c77ef9c175,31175663,Article,Scopus
"Anand S., Foot N., Ang C.-S., Gembus K.M., Keerthikumar S., Adda C.G., Mathivanan S., Kumar S.",Arrestin-Domain Containing Protein 1 (Arrdc1) Regulates the Protein Cargo and Release of Extracellular Vesicles,2018,Proteomics,18,17,1800266,,,,10.1002/pmic.201800266,https://www.scopus.com/inward/record.uri?eid=2-s2.0-85052745238&doi=10.1002%2fpmic.201800266&partnerID=40&md5=df37bd2db0a618b4dcad9740685b450f,30035390,Article,Scopus
"Thom S.R., Bhopale V.M., Yu K., Huang W., Kane M.A., Margolis D.J., O'Neill L.",Neutrophil microparticle production and inflammasome activation by hyperglycemia due to cytoskeletal instability,2017,Journal of Biological Chemistry,292,44,"",18312,18324,,10.1074/jbc.M117.802629,https://www.scopus.com/inward/record.uri?eid=2-s2.0-85033228723&doi=10.1074%2fjbc.M117.802629&partnerID=40&md5=7656c3d47c089182fd28397b369ea23f,28972154,Article,Scopus
"Yoshimura A., Kawamata M., Yoshioka Y., Katsuda T., Kikuchi H., Nagai Y., Adachi N., Numakawa T., Kunugi H., Ochiya T., Tamai Y.",Generation of a novel transgenic rat model for tracing extracellular vesicles in body fluids,2016,Scientific Reports,6,"",31172,,,,10.1038/srep31172,https://www.scopus.com/inward/record.uri?eid=2-s2.0-84983261812&doi=10.1038%2fsrep31172&partnerID=40&md5=5f8a7262cea44a4794d5a0dbd1192cbc,27539050,Article,Scopus
"Costafreda M.I., Abbasi A., Lu H., Kaplan G.",Exosome mimicry by a HAVCR1–NPC1 pathway of endosomal fusion mediates hepatitis A virus infection,2020,Nature Microbiology,5,9,"",1096,1106,,10.1038/s41564-020-0740-y,https://www.scopus.com/inward/record.uri?eid=2-s2.0-85089788767&doi=10.1038%2fs41564-020-0740-y&partnerID=40&md5=7fc0d8767ca8cb9b45c4f8e6a87861f0,32541946,Article,Scopus
"Kaur S., Elkahloun A.G., Singh S.P., Arakelyan A., Roberts D.D.",A function-blocking CD47 antibody modulates extracellular vesicle-mediated intercellular signaling between breast carcinoma cells and endothelial cells,2018,Journal of Cell Communication and Signaling,12,1,"",157,170,,10.1007/s12079-017-0428-0,https://www.scopus.com/inward/record.uri?eid=2-s2.0-85035358923&doi=10.1007%2fs12079-017-0428-0&partnerID=40&md5=6bc176ffb6a89f837c81e79f01fc72ea,,Article,Scopus
"Jang S.C., Economides K.D., Moniz R.J., Sia C.L., Lewis N., McCoy C., Zi T., Zhang K., Harrison R.A., Lim J., Dey J., Grenley M., Kirwin K., Ross N.L., Bourdeau R., Villiger-Oberbek A., Estes S., Xu K., Sanchez-Salazar J., Dooley K., Dahlberg W.K., Williams D.E., Sathyanarayanan S.","ExoSTING, an extracellular vesicle loaded with STING agonists, promotes tumor immune surveillance",2021,Communications Biology,4,1,497,,,,10.1038/s42003-021-02004-5,https://www.scopus.com/inward/record.uri?eid=2-s2.0-85104711033&doi=10.1038%2fs42003-021-02004-5&partnerID=40&md5=cf3eac01f23a141779372a11317206a7,33888863,Article,Scopus
"Arab T., Mallick E.R., Huang Y., Dong L., Liao Z., Zhao Z., Gololobova O., Smith B., Haughey N.J., Pienta K.J., Slusher B.S., Tarwater P.M., Tosar J.P., Zivkovic A.M., Vreeland W.N., Paulaitis M.E., Witwer K.W.",Characterization of extracellular vesicles and synthetic nanoparticles with four orthogonal single-particle analysis platforms,2021,Journal of Extracellular Vesicles,10,6,e12079,,,,10.1002/jev2.12079,https://www.scopus.com/inward/record.uri?eid=2-s2.0-85111419333&doi=10.1002%2fjev2.12079&partnerID=40&md5=70f6fa14c0083bad8b1febe0bf4c5e53,,Article,Scopus
"Zieske J.D., Hutcheon A.E.K., Guo X.",Extracellular Vesicles and Cell–Cell Communication in the Cornea,2020,Anatomical Record,303,6,"",1727,1734,,10.1002/ar.24181,https://www.scopus.com/inward/record.uri?eid=2-s2.0-85067340095&doi=10.1002%2far.24181&partnerID=40&md5=e3c4e8bce239380bcdb9917b5fcad45e,31136100,Article,Scopus
"Tóth E.Á., Turiák L., Visnovitz T., Cserép C., Mázló A., Sódar B.W., Försönits A.I., Petővári G., Sebestyén A., Komlósi Z., Drahos L., Kittel Á., Nagy G., Bácsi A., Dénes Á., Gho Y.S., Szabó-Taylor K.É., Buzás E.I.",Formation of a protein corona on the surface of extracellular vesicles in blood plasma,2021,Journal of Extracellular Vesicles,10,11,e12140,,,,10.1002/jev2.12140,https://www.scopus.com/inward/record.uri?eid=2-s2.0-85115200403&doi=10.1002%2fjev2.12140&partnerID=40&md5=7b7e20ba629b86736b018ea734e5c722,34520123,Article,Scopus
"Verweij F.J., Balaj L., Boulanger C.M., Carter D.R.F., Compeer E.B., D’Angelo G., El Andaloussi S., Goetz J.G., Gross J.C., Hyenne V., Krämer-Albers E.-M., Lai C.P., Loyer X., Marki A., Momma S., Nolte-‘t Hoen E.N.M., Pegtel D.M., Peinado H., Raposo G., Rilla K., Tahara H., Théry C., van Royen M.E., Vandenbroucke R.E., Wehman A.M., Witwer K., Wu Z., Wubbolts R., van Niel G.",The power of imaging to understand extracellular vesicle biology in vivo,2021,Nature Methods,18,9,"",1013,1026,,10.1038/s41592-021-01206-3,https://www.scopus.com/inward/record.uri?eid=2-s2.0-85111844476&doi=10.1038%2fs41592-021-01206-3&partnerID=40&md5=eab2927127c4fba78bec02a917b74950,34446922,Review,Scopus
"Adams S.D., Csere J., D'angelo G., Carter E.P., Romao M., Arnandis T., Dodel M., Kocher H.M., Grose R., Raposo G., Mardakheh F., Godinho S.A.",Centrosome amplification mediates small extracellular vesicle secretion via lysosome disruption,2021,Current Biology,31,7,"",1403,1.42e+10,,10.1016/j.cub.2021.01.028,https://www.scopus.com/inward/record.uri?eid=2-s2.0-85101666502&doi=10.1016%2fj.cub.2021.01.028&partnerID=40&md5=fd0f49782d4e724aa448a373258e35e2,33592190,Article,Scopus
"Clancy J.W., Schmidtmann M., D’Souza-Schorey C.",The ins and outs of microvesicles,2021,FASEB BioAdvances,3,6,"",399,406,,10.1096/fba.2020-00127,https://www.scopus.com/inward/record.uri?eid=2-s2.0-85106981366&doi=10.1096%2ffba.2020-00127&partnerID=40&md5=8f7a9d3e7dc4def8f0649198db6150f4,,Review,Scopus
"Leidal A.M., Debnath J.",Emerging roles for the autophagy machinery in extracellular vesicle biogenesis and secretion,2021,FASEB BioAdvances,3,5,"",377,386,,10.1096/fba.2020-00138,https://www.scopus.com/inward/record.uri?eid=2-s2.0-85106315789&doi=10.1096%2ffba.2020-00138&partnerID=40&md5=2781839a4f53837037072f128cf1c037,,Review,Scopus
"Bécot A., Volgers C., van Niel G.",Transmissible endosomal intoxication: A balance between exosomes and lysosomes at the basis of intercellular amyloid propagation,2020,Biomedicines,8,8,272,,,,10.3390/BIOMEDICINES8080272,https://www.scopus.com/inward/record.uri?eid=2-s2.0-85089731156&doi=10.3390%2fBIOMEDICINES8080272&partnerID=40&md5=b36c28853df14ae033d3db8d5a7d6b8b,,Review,Scopus
Rilla K.,Diverse plasma membrane protrusions act as platforms for extracellular vesicle shedding,2021,Journal of Extracellular Vesicles,10,11,e12148,,,,10.1002/jev2.12148,https://www.scopus.com/inward/record.uri?eid=2-s2.0-85115119229&doi=10.1002%2fjev2.12148&partnerID=40&md5=0e034319c126cf547cd7722bcf051e4a,34533887,Review,Scopus
"Lewin S., Hunt S., Lambert D.W.",Extracellular vesicles and the extracellular matrix: A new paradigm or old news?,2020,Biochemical Society Transactions,48,5,"",2335,2345,,10.1042/BST20200717,https://www.scopus.com/inward/record.uri?eid=2-s2.0-85094935181&doi=10.1042%2fBST20200717&partnerID=40&md5=51c184dd08be445be0772664ac44f36b,33125481,Review,Scopus
"Santavanond J.P., Rutter S.F., Atkin-Smith G.K., Poon I.K.H.","Apoptotic Bodies: Mechanism of Formation, Isolation and Functional Relevance",2021,Subcellular Biochemistry,97,"","",61,88,,10.1007/978-3-030-67171-6_4,https://www.scopus.com/inward/record.uri?eid=2-s2.0-85103543805&doi=10.1007%2f978-3-030-67171-6_4&partnerID=40&md5=0ff4c20b463c93cb6ae03d07a60251d3,33779914,Book Chapter,Scopus
Hurbain I.,Microvilli-derived extracellular vesicles govern morphogenesis in Drosophila wing epithelium,2020,bioRxiv,"","","",,,,10.1101/2020.11.01.363697,"",,"",Chacko
"Liu X.-M., Ma L., Schekman R.",Selective sorting of micrornas into exosomes by phase-separated ybx1 condensates,2021,eLife,10,"",e71982,,,,10.7554/eLife.71982,https://www.scopus.com/inward/record.uri?eid=2-s2.0-85120168398&doi=10.7554%2feLife.71982&partnerID=40&md5=0f37ea03c3b0389294c0bfce76bbfb13,34766549,Article,Scopus
